source_id,organization,role_title,posting_date,closing_date,salary_min,salary_max,currency,salary_is_base,salary_text,location,remote_status,geographic_restrictions,mission_operating_model,annual_budget_or_expense,scale_measure,scale_year,staff_count,responsibilities,reporting_relationship,original_url,resolved_url,retrieved_at,upstream_provenance,archive_path,tier,included_in_quantitative_analysis,inclusion_reason,exclusion_reason,evidence_quality_notes,source_line_refs,cpi_period,cpi_basis_note,cpi_factor,adjusted_min_jul2026,adjusted_max_jul2026,adjusted_midpoint_jul2026
SRC-AD-TAC-2026,Technical Assistance Collaborative,Chief Executive Officer,2026-06-01,Open until filled,240000.0,300000.0,USD,yes,"Starting salary range of $240,000 to $300,000; salaried exempt.","Boston, Massachusetts",Hybrid,Regular Boston-office presence required; local residency not required,"National nonprofit consulting and thought-leadership organization serving public systems in housing, homelessness, behavioral health, health care, and human services.",14000000.0,approximately annual revenue,2026.0,43.0,"Organization-wide strategy, business development and revenue diversification, thought leadership, management and administration, systems, culture, succession, board development, and external representation.",Board of Directors,https://www.nonprofitoperations.com/job-submissions/chief-executive-officer-/technical-assistance-collaborative,https://www.nonprofitoperations.com/job-submissions/chief-executive-officer-/technical-assistance-collaborative,2026-08-17T18:45:00-07:00,recruiter/job portal,sources/raw/src-ad-tac-2026.txt,strict_primary,yes,Strong functional and scale match; full-time organization-wide CEO.,,"Page header lists $291K-$310K, but detailed employer/recruiter body twice specifies $240K-$300K. Detailed body treated as controlling and conflict flagged.",turn128878view0 L18-L21; L59-L75; L91-L121; L192-L203,2026-06,posting month,0.9998981889612879,239975.5653507091,299969.4566883864,269972.51101954776
SRC-AD-SFEI-2026,San Francisco Estuary Institute,Executive Director,2026-05-05,2026-06-07 priority; open until filled,200000.0,240000.0,USD,yes,"Anticipated annual salary range $200,000-$240,000.","Richmond, California",Hybrid,Regular in-person presence and Bay Area travel required,"Independent environmental science and research institute producing rigorous, unbiased research and translating complex science for policy and community partners.",19110000.0,most recent public annual expenses,2024.0,98.0,"Mission and strategy, scientific integrity, financial sustainability, fundraising diversification, outreach, management systems, staff culture, stakeholder engagement, and oversight of seven directors.",Joint board,https://www.sfei.org/news/sfei-seeks-our-next-executive-director,https://potrerogroup.com/sfei,2026-08-17T18:45:00-07:00,employer and retained recruiter,sources/raw/src-ad-sfei-2026.txt,strict_primary,yes,Strong knowledge-production role; full-time organization-wide executive; near upper edge of strict staff/expense band.,,Employer page and retained-recruiter copy agree. Source-native download bytes unavailable; browser-rendered complete recruiter page archived as derivative snapshot.,turn220517view2 L0-L30; turn955421search8,2026-05,posting month,0.9964043052849253,199280.86105698507,239137.03326838207,219208.9471626836
SRC-AD-PEAK-2026,PEAK Grantmaking,President and Chief Executive Officer,2026-04 (exact day not displayed),2026-04-13,225000.0,275000.0,USD,yes,"Salary range $225,000-$275,000; final salary based on experience and location.",United States,Fully remote,US; periodic travel,"National field-building, membership, learning, knowledge-management, and thought-leadership nonprofit serving grantmaking professionals.",7130000.0,FY2024 expenses,2024.0,,"Strategic vision, financial stewardship, revenue diversification, staff and culture, member value, field leadership, external engagement, compliance, and board partnership.",Board of Directors,https://nonprofithr.applytojob.com/apply/RQG6pztBvo/President-Chief-Executive-Officer-CEO-PEAK-Grantmaking,https://nonprofithr.applytojob.com/apply/RQG6pztBvo/President-Chief-Executive-Officer-CEO-PEAK-Grantmaking,2026-08-17T18:45:00-07:00,retained recruiter,sources/raw/src-ad-peak-2026.txt,strict_primary,yes,"Comparable field-building/knowledge role, core scale, national remote CEO with fundraising, board, people, and operating responsibility.",,Complete retained-recruiter page. Exact posting day absent; April closing month used for immaterial CPI timing proxy.,turn128878view1 L38-L112,2026-04,closing-month proxy because posting day/month not displayed,1.0026965347426582,225606.72031709808,275741.547054231,250674.13368566454
SRC-AD-CLIMATE-2026,The Climate Center,Chief Executive Officer,2026-04 (exact day not displayed),2026-04-10,195000.0,235000.0,USD,yes,"Competitive salary range $195,000-$235,000.",United States,Remote,US; California policy engagement,"Climate and energy policy think-and-do tank using science-based research, policy advocacy, and coalition mobilization.",3345000.0,most recent public expenses,2024.0,,"Science-based strategy, state policy and advocacy, fundraising, external relationships, coalition leadership, and organization-wide leadership.",Board (implied by full position description),https://www.abfe.org/jobs/chief-executive-officer-climate-center,https://www.abfe.org/jobs/chief-executive-officer-climate-center,2026-08-17T18:45:00-07:00,source-native job-board copy linking retained recruiter PDF,sources/raw/src-ad-climate-2026.txt,secondary,yes,"Strong think-and-do functional match and title match; below strict core scale, retained in wider-band sensitivity.",,Complete job-board copy; scale is below strict band. April closing month used as posting-month proxy.,turn220517view0 L114-L146,2026-04,closing-month proxy because posting month not displayed,1.0026965347426582,195525.82427481835,235633.68566452467,215579.7549696715
SRC-AD-LEADERSTRUST-2026,The LeadersTrust,Executive Director,2026-06-16,Rolling,200000.0,225000.0,USD,yes,"Competitive salary range $200,000-$225,000.",United States,Remote,Geographically dispersed team,"Capacity-building, coaching, grant-support, evaluation, and advisory intermediary serving nonprofit and movement leaders; fiscally sponsored by Tides Center.",,fiscally sponsored project,2026.0,6.0,"Strategy and program leadership, fundraising, board governance, team leadership, spokesperson role, intermediary/evaluation work, and fiscal stewardship.",Advisory Board,https://theleaderstrust.org/now-hiring-executive-director/,https://theleaderstrust.org/now-hiring-executive-director/,2026-08-17T18:45:00-07:00,employer,sources/raw/src-ad-leaderstrust-2026.txt,secondary_structural,yes,Comparable advisory/evaluation/fundraising role but only six staff and fiscally sponsored; structural sensitivity only.,,Complete employer page. Reports six staff plus more than 45 coaches/consultants; no standalone budget.,turn220517view1 L30-L63; L72-L119,2026-06,posting month,0.9998981889612879,199979.6377922576,224977.0925162898,212478.3651542737
SRC-AD-FFIS-2026,Federal Funds Information for States,Executive Director and Executive Editor,2026-07-15,2026-08-07,220000.0,220000.0,USD,yes,"$220,000 annually.","Washington, DC",On-site/unspecified flexibility,"Washington, DC listing",Small nonprofit research and data subscription organization analyzing federal grants and state fiscal policy.,,small organization,2026.0,4.0,"Lead executive, strategy, financial sustainability, research and editorial agenda, board advice, partnerships, staff oversight, and national representation.",Board of Directors,https://recruiting.paylocity.com/recruiting/jobs/Details/4336561/Federal-Funds-Information-for-States-Inc/Executive-Director-and-Executive-Editor,https://ffis.org/jobs/,2026-08-17T18:45:00-07:00,employer plus source-native ATS copy,sources/raw/src-ad-ffis-2026.txt,secondary_scale,yes,"Excellent research/data functional match and full executive scope; far below scale, included only in wider-scale sensitivity.",,"ATS page became inactive by retrieval; complete employer copy remained available. Fixed salary, not a range.",turn955421search3; turn955421search6; turn220517view3 L0-L4,2026-07,posting month,1.0,220000.0,220000.0,220000.0
SRC-AD-OVERZERO-2025,Over Zero,Executive Director,2025-04-22,2025-05-22,200000.0,250000.0,USD,yes,"Base compensation range $200,000-$250,000.",United States,Remote,US; regular domestic and occasional international travel,"Research-informed conflict-prevention, advisory, training, and field-support project; fiscally sponsored by Hopewell Fund.",,fiscally sponsored project,2025.0,15.0,"Strategy, team of 15, fundraising, financial stewardship, sponsor governance, risk management, external representation, and research-practice integration.",President of Hopewell Fund; advisory board,https://impactopportunity.org/job/7756/executive-director/,https://impactopportunity.org/job/7756/executive-director/,2026-08-17T18:45:00-07:00,complete mirror of recruiter posting,sources/raw/src-ad-overzero-2025.txt,older_structural_sensitivity,sensitivity_only,"Strong research/advisory and remote-market match, but fiscally sponsored, smaller, and posted in 2025.",Not in 2026 primary posting analysis.,Complete third-party copy; source explicitly labels base compensation and sponsor reporting relationship.,turn663171search1; turn663171search5,2025-04,posting month,1.0409077448214592,208181.54896429184,260226.9362053648,234204.24258482832
SRC-AD-ELP-2026,Environmental Leadership Program,Executive Director,2026,not retained,135000.0,150000.0,USD,unverified_discovery,"Discovery result indicated $135,000-$150,000.",Remote US,varies/unknown,,Budget $2.46M; 12 staff,,Budget $2.46M; 12 staff,2026.0,,Not extracted after non-pay exclusion.,Not extracted,https://elpnet.org/executive-director-position,https://elpnet.org/executive-director-position,2026-08-17T18:45:00-07:00,discovery result,sources/raw/src-ad-elp-2026.txt,expanded_secondary_scale,yes,"Included only in the expanded broad recruitment sensitivity: full organization-wide ED, public $2.46M budget and 12 staff, but below RP core scale.",,Logged as an unsuccessful/insufficient-source or non-comparable search result; not relied on for salary analysis.,turn663171search0,2026-07,"Exact posting month unavailable; July 2026 target used, producing no inflation adjustment.",1.0,135000.0,150000.0,142500.0
SRC-AD-MOST-2025,MOST Policy Initiative,Executive Director,2025,not retained,90000.0,100000.0,USD,unverified_discovery,"Discovery result indicated $90,000-$100,000.","Jefferson City, Missouri",varies/unknown,,Small state policy organization,,Small state policy organization,2025.0,,Not extracted after non-pay exclusion.,Not extracted,https://onthinktanks.org/job/executive-director-15/,https://onthinktanks.org/job/executive-director-15/,2026-08-17T18:45:00-07:00,discovery result,sources/raw/src-ad-most-2025.txt,excluded,no,,Local and far below scale,Logged as an unsuccessful/insufficient-source or non-comparable search result; not relied on for salary analysis.,turn663171search2,,not normalized,1.0,90000.0,100000.0,95000.0
SRC-AD-PVARF,Portland VA Research Foundation,Executive Director,2026,not retained,110000.0,150000.0,USD,unverified_discovery,"Discovery result indicated $110,000-$150,000.","Portland, Oregon",varies/unknown,,VA/university-affiliated research foundation,,VA/university-affiliated research foundation,2026.0,,Not extracted after non-pay exclusion.,Not extracted,https://www.pvarf.org/,https://www.pvarf.org/,2026-08-17T18:45:00-07:00,discovery result,sources/raw/src-ad-pvarf.txt,excluded,no,,Affiliate rather than standalone comparable organization-wide CEO,Logged as an unsuccessful/insufficient-source or non-comparable search result; not relied on for salary analysis.,discovery search; full source not retained,,not normalized,1.0,110000.0,150000.0,130000.0
SRC-AD-CETI,Clean Energy Transition Institute,Executive Director,2026,not retained,125000.0,150000.0,USD,unverified_discovery,"Discovery result indicated $125,000-$150,000.",Seattle/remote,varies/unknown,,Small regional research nonprofit,,Small regional research nonprofit,2026.0,,Not extracted after non-pay exclusion.,Not extracted,https://www.cleanenergytransition.org/,https://www.cleanenergytransition.org/,2026-08-17T18:45:00-07:00,discovery result,sources/raw/src-ad-ceti.txt,excluded,no,,Below scale and regional,Logged as an unsuccessful/insufficient-source or non-comparable search result; not relied on for salary analysis.,discovery search; full source not retained,,not normalized,1.0,125000.0,150000.0,137500.0
SRC-AD-MSI,Marine Science Institute,Executive Director,2025-12-08,2026-01-20,195000.0,240000.0,USD,yes,"$195,000-$240,000","Redwood City, California",On-site,Regular on-site presence; travel to Bay Area program and partner sites,Field education/direct program delivery,,Field education/direct program delivery,,,"Organization-wide leadership, strategy, financial sustainability, fundraising, operations, staff, and board partnership.",Board of Directors,https://potrerogroup.com/sites/default/files/pdfs/Marine%20Science%20Institute%20Executive%20Director%20Profile_0.pdf,https://aeoe.org/Find-a-Job/13574048,2026-08-27T12:53:38-07:00,recruiter profile and complete lawful mirrors,sources/raw/src-ad-msi.txt,excluded,no,,Dominant direct-service/field-delivery model,"Complete source recovered after the original analysis; salary and location verified, and role title corrected from President and CEO to Executive Director. The row remains excluded for its predeclared non-pay operating-model reason.",saved Schmidt Marine JobPosting data and AEOE complete posting,,not normalized,1.0,195000.0,240000.0,217500.0
SRC-AD-NPF,National Press Foundation,President and CEO,2026,not retained,140000.0,150000.0,USD,unverified_discovery,"Discovery result indicated $140,000-$150,000.","Washington, DC",varies/unknown,,Small journalism training nonprofit,,Small journalism training nonprofit,2026.0,,Not extracted after non-pay exclusion.,Not extracted,https://nationalpress.org/,https://nationalpress.org/,2026-08-17T18:45:00-07:00,discovery result,sources/raw/src-ad-npf.txt,excluded,no,,Below scale and materially different operating model,Logged as an unsuccessful/insufficient-source or non-comparable search result; not relied on for salary analysis.,discovery search; full source not retained,,not normalized,1.0,140000.0,150000.0,145000.0
SRC-AD-SNAP,Snap Foundation,Chief Executive Officer,2026,not retained,385000.0,415000.0,USD,unverified_discovery,"Discovery result indicated $385,000-$415,000.","Los Angeles, California",varies/unknown,,Grantmaking foundation,,Grantmaking foundation,2026.0,,Not extracted after non-pay exclusion.,Not extracted,https://www.snapfoundation.org/,https://www.snapfoundation.org/,2026-08-17T18:45:00-07:00,discovery result,sources/raw/src-ad-snap.txt,excluded,no,,Grantmaking-dominated,Logged as an unsuccessful/insufficient-source or non-comparable search result; not relied on for salary analysis.,discovery search; full source not retained,,not normalized,1.0,385000.0,415000.0,400000.0
SRC-AD-WILLIAMS,Williams Institute at UCLA,Executive Director,2026,not retained,260000.0,290000.0,USD,unverified_discovery,"Discovery result indicated $260,000-$290,000.","Los Angeles, California",varies/unknown,,University research center,,University research center,2026.0,,Not extracted after non-pay exclusion.,Not extracted,https://williamsinstitute.law.ucla.edu/,https://williamsinstitute.law.ucla.edu/,2026-08-17T18:45:00-07:00,discovery result,sources/raw/src-ad-williams.txt,excluded,no,,Not a standalone organization-wide nonprofit CEO,Logged as an unsuccessful/insufficient-source or non-comparable search result; not relied on for salary analysis.,discovery search; full source not retained,,not normalized,1.0,260000.0,290000.0,275000.0
SRC-AD-CSCCE,Center for Scientific Collaboration and Community Engagement,Executive Director,2026,not retained,84246.0,164103.0,USD,unverified_discovery,"Discovery result indicated $84,246-$164,103.","Berkeley, California",varies/unknown,,University center,,University center,2026.0,,Not extracted after non-pay exclusion.,Not extracted,https://www.cscce.org/,https://www.cscce.org/,2026-08-17T18:45:00-07:00,discovery result,sources/raw/src-ad-cscce.txt,excluded,no,,University parent and pay system not comparable,Logged as an unsuccessful/insufficient-source or non-comparable search result; not relied on for salary analysis.,discovery search; full source not retained,,not normalized,1.0,84246.0,164103.0,124174.5
SRC-AD-ALLCHICAGO,All Chicago Making Homelessness History,Chief Executive Officer,2026,not retained,260000.0,300000.0,USD,unverified_discovery,"Discovery result indicated $260,000-$300,000.","Chicago, Illinois",varies/unknown,,Homelessness system coordination/direct implementation,,Homelessness system coordination/direct implementation,2026.0,,Not extracted after non-pay exclusion.,Not extracted,https://allchicago.org/,https://allchicago.org/,2026-08-17T18:45:00-07:00,discovery result,sources/raw/src-ad-allchicago.txt,excluded,no,,Implementation/direct-service model,Logged as an unsuccessful/insufficient-source or non-comparable search result; not relied on for salary analysis.,discovery search; full source not retained,,not normalized,1.0,260000.0,300000.0,280000.0
SRC-AD-SEATTLEBG,Seattle Botanic Gardens,President and CEO,2026,not retained,250000.0,290000.0,USD,unverified_discovery,"Discovery result indicated $250,000-$290,000.","Seattle, Washington",varies/unknown,,Public-facing cultural/horticultural institution,,Public-facing cultural/horticultural institution,2026.0,,Not extracted after non-pay exclusion.,Not extracted,https://botanicgardens.uw.edu/,https://botanicgardens.uw.edu/,2026-08-17T18:45:00-07:00,discovery result,sources/raw/src-ad-seattlebg.txt,excluded,no,,Direct institution operations not comparable,Logged as an unsuccessful/insufficient-source or non-comparable search result; not relied on for salary analysis.,discovery search; full source not retained,,not normalized,1.0,250000.0,290000.0,270000.0
SRC-AD-INJUSTICEWATCH,Injustice Watch,Executive Director,2026,not retained,150000.0,175000.0,USD,unverified_discovery,"Discovery result indicated $150,000-$175,000.","Chicago, Illinois",varies/unknown,,Local investigative journalism,,Local investigative journalism,2026.0,,Not extracted after non-pay exclusion.,Not extracted,https://www.injusticewatch.org/,https://www.injusticewatch.org/,2026-08-17T18:45:00-07:00,discovery result,sources/raw/src-ad-injusticewatch.txt,excluded,no,,Local/journalism model and below scale,Logged as an unsuccessful/insufficient-source or non-comparable search result; not relied on for salary analysis.,discovery search; full source not retained,,not normalized,1.0,150000.0,175000.0,162500.0
SRC-AD-DRW,Disability Rights Washington,Executive Director,2026,not retained,175000.0,200000.0,USD,unverified_discovery,"Discovery result indicated $175,000-$200,000.",Washington State,varies/unknown,,Legal advocacy and protection-and-advocacy services,,Legal advocacy and protection-and-advocacy services,2026.0,,Not extracted after non-pay exclusion.,Not extracted,https://www.disabilityrightswa.org/,https://www.disabilityrightswa.org/,2026-08-17T18:45:00-07:00,discovery result,sources/raw/src-ad-drw.txt,excluded,no,,Legal/advocacy delivery model,Logged as an unsuccessful/insufficient-source or non-comparable search result; not relied on for salary analysis.,discovery search; full source not retained,,not normalized,1.0,175000.0,200000.0,187500.0
SRC-AD-5GYRES-2026,The 5 Gyres Institute,Executive Director,2025-12-18,2026-01-30,130000.0,150000.0,USD,yes,"$130,000-$150,000 annual salary",Remote/hybrid; West Coast preferred,Remote with regular travel,United States; West Coast preferred,"Independent science, research, policy, and public-engagement nonprofit addressing plastic pollution.",1700000.0,FY2025 annual budget,2025.0,,"Strategy, fundraising, science/policy leadership, operations, external representation, and people leadership.",Board of Directors,https://www.climatechangecareers.com/job/the-5-gyres-institute/remote/executive-director/,https://www.climatechangecareers.com/job/the-5-gyres-institute/remote/executive-director/,2026-08-25T16:20:00-0700,complete third-party copy,sources/raw/src-ad-5gyres-2026.txt,expanded_secondary_scale,yes,"Strong research/policy function and full enterprise scope, but materially below RP scale.",,"Complete mirror text; posting date inferred from page metadata/search chronology, closing date explicit.","turn970460view0 lines 14-35, 45-148",2026-01,Closing month used because the posting opened in late 2025 and closed January 2026.,1.026643956070985,133463.71428922805,153996.59341064777,143730.1538499379
SRC-AD-DREAM-2026,Dream.Org,Chief Executive Officer,2026-06-02,,260000.0,290000.0,USD,yes,"Body range $260,000-$290,000; page header displayed $271,000-$290,000","Oakland, CA or Washington, DC",Hybrid,"Must work from Oakland or Washington, DC hub","National policy, advocacy, workforce, climate, and technology nonprofit with research-informed campaigns.",,not reported in accessible posting,,39.0,"Organization-wide strategy, board partnership, fundraising, people leadership, operations, policy direction, and public representation.",Board of Directors,https://www.nonprofitoperations.com/job-submissions/chief-executive-officer-/dream.org-,https://www.nonprofitoperations.com/job-submissions/chief-executive-officer-/dream.org-,2026-08-25T16:20:00-0700,recruiter/job-board complete copy,sources/raw/src-ad-dream-2026.txt,expanded_primary_title,yes,Full national CEO scope and 39-person staff; broader campaign/advocacy mix than RP.,,Detailed body range controls over conflicting header range; conflict retained.,"turn970460view1 lines 18-63, 76-115, 181-195",2026-06,Posting month CPI.,0.9998981889612879,259973.52912993485,289970.4747987735,274972.0019643542
SRC-AD-APPLESEED-2026,Appleseed Foundation,Executive Director,2026-06-29,,120000.0,155000.0,USD,yes,"$120,000-$155,000 annually",United States,Fully remote,United States,"National justice-policy network and hub supporting 20 independent centers with research, advocacy, and pro bono collaboration.",,not reported in accessible posting,,,"Strategy, fundraising, network leadership, operations, communications, people management, and board relations.",Board of Directors,https://remoteimpact.org/jobs/executive-director-appleseed-foundation/,https://remoteimpact.org/jobs/executive-director-appleseed-foundation/,2026-08-25T16:20:00-0700,complete third-party copy,sources/raw/src-ad-appleseed-2026.txt,expanded_secondary_scale_unknown,yes,National remote organization-wide ED with research/network scope; scale unavailable and legal-network structure differs.,,Complete mirror; no accessible budget or staff figure.,turn970460view2 lines 28-81,2026-06,Posting month CPI.,0.9998981889612879,119987.78267535455,154984.21928899962,137486.0009821771
SRC-AD-HCAP-2026,Healthcare Career Advancement Program,Executive Director,2026-01-28,2026-03-15,150000.0,170000.0,USD,yes,"$150,000-$170,000",Remote,Fully remote with travel,"Travel required within the United States, U.S. territories, and Canada","National workforce research, technical-assistance, and labor-management intermediary.",,not reported in accessible posting,,13.0,"Leads strategy, fundraising, research/technical assistance, operations, staff, external partnerships, and two related entities.",Boards of H-CAP and H-CAP Education Association,https://dailyremote.com/remote-job/h-cap-executive-director-4517350,https://careers.arena.run/companies/seiu-2/jobs/66223842-executive-director-h-cap,2026-08-27T12:53:03-07:00,complete lawful job-board mirror,sources/raw/src-ad-hcap-2026.txt,expanded_secondary_structural,yes,National research/technical-assistance leadership role; smaller staff and dual-entity governance reduce comparability.,,"Complete mirror text; salary, 13-person remote team, posting timestamp, and first-round cutoff explicit. Travel territory is not treated as an employee-residence restriction.",saved Arena page visible text and embedded currentJob JSON,2026-01,Posting month CPI.,1.026643956070985,153996.59341064777,174529.47253206745,164263.0329713576
SRC-AD-HAGLEY-2026,Hagley Museum and Library,Chief Executive Officer,2026-02-07,,225000.0,260000.0,USD,yes,"Detailed body $225,000-$260,000; page header $251,000-$270,000","Wilmington, Delaware",In-person,"Wilmington, Delaware","Research library, museum, collections, public education, and knowledge institution focused on business, science, and technology history.",11500000.0,2025 operating budget,2025.0,78.0,"Enterprise strategy, fundraising, operations, staff leadership, research library/museum stewardship, public representation, and board partnership.",Board of Trustees,https://www.nonprofitoperations.com/job-submissions/chief-executive-officer-/hagley-museum-and-library-,https://www.nonprofitoperations.com/job-submissions/chief-executive-officer-/hagley-museum-and-library-,2026-08-25T16:20:00-0700,recruiter/job-board complete copy,sources/raw/src-ad-hagley-2026.txt,expanded_broad_functional,yes,"Excellent scale/title match and substantial research/knowledge function, but museum/site operations materially differ from RP.",,Detailed body range controls over conflicting page header; both retained.,turn562106view1 lines 18-72,2026-02,Posting month CPI.,1.0218278072738955,229911.2566366265,265675.22989121283,247793.24326391966
SRC-AD-CHAPA-AMBIG,Citizens Housing and Planning Association,Chief Executive Officer,2026-02-02 page publication; underlying process dates indicate 2025,,180000.0,210000.0,USD,yes,"$180,000-$210,000","Boston, Massachusetts",Hybrid,Boston-based,"Housing policy research, advocacy, coalition convening, and field infrastructure.",3100000.0,operating budget stated in posting,2025.0,,"Full CEO scope including policy, research, fundraising, operations, staff, external representation, and board.",Board of Directors,https://commonwealthbeacon.org/job/citizens-housing-and-planning-association-boston-full-time-chief-executive-officer/,https://commonwealthbeacon.org/job/citizens-housing-and-planning-association-boston-full-time-chief-executive-officer/,2026-08-25T16:20:00-0700,complete third-party copy,sources/raw/src-ad-chapa-ambiguous.txt,date_ambiguity_sensitivity,sensitivity_only,Strong functional CEO role but publication conflicts with an underlying 2025 interview/start timetable.,Excluded from 2026 current-ad primary analysis because source dates are internally inconsistent.,"Page published February 2026, but process says February-April 2025 interviews and May 2025 start.",turn542118view0 lines 137-150; turn542118view2 lines 261-271,2025-04,"Treated as an older/ambiguous sensitivity, not a 2026 current posting.",1.0409077448214592,187363.39406786265,218590.62641250642,202977.01024018455
SRC-AD-JOYCEIVY-2026,Joyce Ivy Foundation,Executive Director,2026-08-03,,80000.0,150000.0,USD,yes,"$80,000-$150,000; exceptional fractional arrangements considered",Remote with Midwest travel,Remote,United States; Midwest travel,Education access and scholarship nonprofit.,,not reported,,,"Organization-wide leadership, fundraising, programs, operations, board, and external representation.",Board of Directors,https://careers.councilofnonprofits.org/jobs/executive-director-joyce-ivy-foundation-remote-in-anywhere/,https://careers.councilofnonprofits.org/jobs/executive-director-joyce-ivy-foundation-remote-in-anywhere/,2026-08-25T16:20:00-0700,source-native job board,sources/raw/src-ad-joyceivy-2026.txt,fractional_sensitivity,sensitivity_only,Full ED title but very wide range and possible fractional arrangement make it unsuitable for the primary full-time comparison.,Sensitivity only.,Posted before cutoff; fractional option prevents clean full-time base comparison.,"turn690667view3 lines 18-31, 80-84",2026-07,July target used because posted August 3 and July was latest CPI available by cutoff.,1.0,80000.0,150000.0,115000.0
SRC-AD-CFL-2026,Community Foundation of Louisville,Chief Executive Officer,2026-02-23,,325000.0,400000.0,USD,yes,"$325,000-$400,000","Louisville, Kentucky",In-person/local,Louisville region,"Community foundation managing nearly $1B of assets and more than 2,200 charitable funds.",,asset-based foundation,2026.0,30.0,"Foundation CEO, asset growth, grantmaking, community convening, operations, and board.",Board of Directors,https://pac.org/job/chief-executive-officer-4,https://pac.org/job/chief-executive-officer-4,2026-08-25T16:20:00-0700,recruiter complete copy,sources/raw/src-ad-cfl-2026.txt,excluded_grantmaking,no,,Asset-management and grantmaking-dominated community foundation; not comparable to RP core operating responsibility.,Complete posting.,"turn562106view0 lines 46-60, 72-118",2026-02,Excluded.,1.0218278072738955,332094.03736401605,408731.12290955824,370412.58013678715
SRC-AD-CHF-2026,The Colorado Health Foundation,Chief Executive Officer,2026-08-11,,626000.0,736000.0,USD,yes,"$626,000-$736,000 starting salary","Denver, Colorado",Hybrid,Colorado,Large private health foundation with an endowment approaching $3B.,,private foundation/endowment,2026.0,,"Foundation-wide grantmaking, investment-linked strategy, staff, board, and external leadership.",Board of Directors,https://www.nonprofitoperations.com/job-submissions/chief-executive-officer-/the-colorado-health-foundation-,https://www.nonprofitoperations.com/job-submissions/chief-executive-officer-/the-colorado-health-foundation-,2026-08-25T16:20:00-0700,recruiter/job-board complete copy,sources/raw/src-ad-colorado-health-foundation-2026.txt,excluded_private_foundation,no,,Private-foundation asset and grantmaking model is not comparable to RP.,Complete posting; excluded before salary analysis under frozen operating-model rule.,turn485271search4,2026-07,Excluded.,1.0,626000.0,736000.0,681000.0
SRC-AD-CHAPA-ROR-EXCL,Reach Out and Read (regional executive role),Regional Executive Director,2026,,,,USD,unknown,,United States region,,,Regional program leadership within a national organization.,,,,,Regional leadership.,Chief Operating Officer,,,2026-08-25T16:20:00-0700,job board,sources/raw/src-ad-reach-out-and-read-excluded.txt,excluded_subordinate_regional,no,,Regional/subordinate executive reporting to COO; not organization-wide CEO equivalent.,Logged as unsuccessful/rejected search.,"turn690667view1 lines 27-50, 146-154",,Excluded.,1.0,,,
SRC-AD-ANDYHILL-2026,Andy Hill Cancer Research Endowment (CARE) Fund,Executive Director,2026-06-25,2026-08-24,220000.0,250000.0,USD,yes,"$220,000-$250,000 depending on qualifications and experience","Bothell, Washington / statewide Washington",Statewide remote/hybrid,Must reside in Washington State,"Public-private cancer-research endowment catalyzing research grants, innovation, and statewide research infrastructure.",,grantmaking research endowment; operating scale not stated in posting,2026.0,,"Enterprise strategy, research-grantmaking leadership, stakeholder and government relations, fundraising/partnerships, operations, staff, and board.",Board of Directors,https://careers.councilofnonprofits.org/jobs/executive-director-in-bothell-washington-us/,https://careers.councilofnonprofits.org/jobs/executive-director-in-bothell-washington-us/,2026-08-25T16:45:00-0700,source-native nonprofit job board cached rendering,sources/raw/src-ad-andyhill-2026.txt,expanded_secondary_structural,yes,Strong research-leadership and public-policy interface; retained as structural sensitivity because the operating model is research grantmaking/public-private rather than RP-like knowledge production.,,Full job-board content was available in search cache but the live page later redirected after expiry; cached facts and original URL preserved.,turn341398search1; turn118965search8,2026-06,Posting-month CPI.,0.9998981889612879,219977.60157148333,249974.547240322,234976.07440590265
SRC-AD-GBWN-2026,Great Basin Water Network,Executive Director,2026-08-05,2026-10-04,110000.0,120000.0,USD,yes,"$110,000-$120,000","Reno or Las Vegas, Nevada",Remote with extensive travel,Must be based in Reno or Las Vegas,"Lean water-policy, conservation, research, science, education, litigation, and advocacy network.",385034.0,FY2024 Form 990 expenses used only to characterize scale; posting states one full-time employee,2024.0,1.0,"Chief executive, strategic leadership, public voice, fundraising, advocacy, coalition-building, organizational capacity, and board partnership.",Board of Directors,https://careers.councilofnonprofits.org/jobs/executive-director-in-reno-nevada-us/,https://careers.councilofnonprofits.org/jobs/executive-director-in-reno-nevada-us/,2026-08-25T16:45:00-0700,source-native nonprofit job board,sources/raw/src-ad-gbwn-2026.txt,expanded_secondary_scale,yes,"Strong policy/research function and full executive scope, but one employee and sub-$0.5M expense scale; included only in broad scale sensitivity.",,Complete job-board copy. Posting explicitly identifies the ED as the sole full-time employee.,turn596223view1 lines 18-45; scale corroboration turn341398search0,2026-07,July 2026 target used because posting date is August 5 and July was the latest CPI available by the August 17 cutoff.,1.0,110000.0,120000.0,115000.0
SRC-AD-NJLCV-2026,New Jersey League of Conservation Voters,Executive Director and Chief Executive Officer,2026-06-23,2026-08-22,180000.0,220000.0,USD,yes,"$180,000-$220,000","Trenton, New Jersey",On-site/hybrid not consistently stated across copies,New Jersey / Trenton leadership presence,"Statewide environmental policy, advocacy, coalition leadership, electoral strategy, communications, and public engagement across a family of organizations.",,not stated in accessible posting,2026.0,,"Strategy, boards, staff and culture, fundraising, policy and political leadership, coalition-building, operations, and public representation.",Boards of the affiliated organizations,https://careers.councilofnonprofits.org/jobs/executive-director-and-chief-executive-officer-in-trenton-new-jersey-us/,https://careers.councilofnonprofits.org/jobs/executive-director-and-chief-executive-officer-in-trenton-new-jersey-us/,2026-08-25T16:45:00-0700,source-native nonprofit job board cached rendering,sources/raw/src-ad-njlcv-2026.txt,expanded_secondary_structural,yes,Title and policy-leadership match; retained as structural sensitivity because it leads a politically active family of affiliated entities and is state-focused.,,The live page expired after retrieval; cached job-board text and corroborating complete copies preserve the range and responsibilities.,turn341398search4; turn341398search7; turn341398search11,2026-06,Posting-month CPI.,0.9998981889612879,179981.67401303182,219977.60157148333,199979.6377922576
