source_id,candidate_organization,legal_entity,ein,irs_object_id,reporting_period_start,reporting_period_end,return_type,source_url,mirror_download_url,official_irs_index_url,official_irs_bulk_archive_url,official_irs_archive_member,local_path,mime_type,byte_length,sha256,retrieval_timestamp_utc,validation_status
SRC-990-RECOVERY-EPOCH,Epoch,Epoch Artificial Intelligence Inc,99-4050541,202513219349201141,2024-01-01,2024-12-31,Form 990-EZ,https://apps.irs.gov/pub/epostcard/990/xml/2025/2025_TEOS_XML_11D.zip,https://gt990datalake-rawdata.s3.amazonaws.com/EfileData/XmlFiles/202513219349201141_public.xml,https://apps.irs.gov/pub/epostcard/990/xml/2025/index_2025.csv,https://apps.irs.gov/pub/epostcard/990/xml/2025/2025_TEOS_XML_11D.zip,202513219349201141_public.xml,benchmark/sources/native/form990/202513219349201141_public.xml,application/xml,12932,0451baf23dff72f6c39cd95d16f6a8217c9d01d2eecb885d971187a23c0c672a,2026-08-29T23:47:00Z,well_formed_xml; hash_ein_period_and_arithmetic_verified
SRC-990-RECOVERY-GOVAI,GovAI,Centre for the Governance of AI Inc,99-4000294,202543179349304359,2024-01-01,2024-12-31,Form 990,https://apps.irs.gov/pub/epostcard/990/xml/2025/2025_TEOS_XML_11B.zip,https://gt990datalake-rawdata.s3.amazonaws.com/EfileData/XmlFiles/202543179349304359_public.xml,https://apps.irs.gov/pub/epostcard/990/xml/2025/index_2025.csv,https://apps.irs.gov/pub/epostcard/990/xml/2025/2025_TEOS_XML_11B.zip,202543179349304359_public.xml,benchmark/sources/native/form990/202543179349304359_public.xml,application/xml,31864,c7776d70920bc2a95731fc62ea43ed93d1c4cfcb0225c1de2caf65b4564c004c,2026-08-29T23:47:00Z,well_formed_xml; hash_ein_period_and_arithmetic_verified
SRC-990-RECOVERY-LEAD-EXPOSURE-ELIMINATION-PROJECT,Lead Exposure Elimination Project,Lead Exposure Elimination Project Inc,87-3016729,202631969349301838,2024-09-01,2025-08-31,Form 990,https://apps.irs.gov/pub/epostcard/990/xml/2026/2026_TEOS_XML_07A.zip,,https://apps.irs.gov/pub/epostcard/990/xml/2026/index_2026.csv,https://apps.irs.gov/pub/epostcard/990/xml/2026/2026_TEOS_XML_07A.zip,202631969349301838_public.xml,benchmark/sources/native/form990/202631969349301838_public.xml,application/xml,46508,c83f569c9d2281ec225f6d2e43c8dbe533f0deaecd5dc9ca7738e88654ef0391,2026-08-29T23:46:01Z,well_formed_xml; hash_ein_period_and_arithmetic_verified
SRC-990-RECOVERY-ANIMAL-ADVOCACY-AFRICA,Animal Advocacy Africa,Animal Advocacy Africa,93-1669847,202522199349301567,2023-10-01,2024-09-30,Form 990,https://apps.irs.gov/pub/epostcard/990/xml/2025/2025_TEOS_XML_08A.zip,https://gt990datalake-rawdata.s3.amazonaws.com/EfileData/XmlFiles/202522199349301567_public.xml,https://apps.irs.gov/pub/epostcard/990/xml/2025/index_2025.csv,https://apps.irs.gov/pub/epostcard/990/xml/2025/2025_TEOS_XML_08A.zip,202522199349301567_public.xml,benchmark/sources/native/form990/202522199349301567_public.xml,application/xml,23662,06915c326a51630cabc7a3a010724acc0d5518526856a76cbc766d4f8af10511,2026-08-29T23:47:00Z,well_formed_xml; hash_ein_period_and_arithmetic_verified
SRC-990-RECOVERY-APOLLO-ACADEMIC-SURVEYS,Apollo Academic Surveys,Apollo Academic Surveys Incorporated,88-2798817,202620539349200207,2025-01-01,2025-12-31,Form 990-EZ,https://apps.irs.gov/pub/epostcard/990/xml/2026/2026_TEOS_XML_03A.zip,https://gt990datalake-rawdata.s3.amazonaws.com/EfileData/XmlFiles/202620539349200207_public.xml,https://apps.irs.gov/pub/epostcard/990/xml/2026/index_2026.csv,https://apps.irs.gov/pub/epostcard/990/xml/2026/2026_TEOS_XML_03A.zip,202620539349200207_public.xml,benchmark/sources/native/form990/202620539349200207_public.xml,application/xml,10491,f6b3330fdd43b16289aaa5d853fcaa7b9712a317a90e748da506b7ddc482e3a3,2026-08-29T23:47:00Z,well_formed_xml; hash_ein_period_and_arithmetic_verified
SRC-990-RECOVERY-APOLLO-ACADEMIC-SURVEYS-2023,Apollo Academic Surveys,Apollo Academic Surveys Incorporated,88-2798817,202430789349200603,2023-01-01,2023-12-31,Form 990-EZ,https://apps.irs.gov/pub/epostcard/990/xml/2024/2024_TEOS_XML_03A.zip,,https://apps.irs.gov/pub/epostcard/990/xml/2024/index_2024.csv,https://apps.irs.gov/pub/epostcard/990/xml/2024/2024_TEOS_XML_03A.zip,202430789349200603_public.xml,benchmark/sources/native/form990/202430789349200603_public.xml,application/xml,11193,246402689dd7479631c42085ef95091233302f853618e14882694e8f55b42d1d,2026-08-30T15:50:49Z,well_formed_xml; hash_ein_period_and_arithmetic_verified
SRC-990-RECOVERY-EMPOWER-LEARNING-AFRICA-USA-2024,Teaching at the Right Level Africa,Empower Learning Africa USA,92-2014591,202501199349301740,2024-01-01,2024-12-31,Form 990,https://apps.irs.gov/pub/epostcard/990/xml/2025/2025_TEOS_XML_05A.zip,,https://apps.irs.gov/pub/epostcard/990/xml/2025/index_2025.csv,https://apps.irs.gov/pub/epostcard/990/xml/2025/2025_TEOS_XML_05A.zip,202501199349301740_public.xml,benchmark/sources/native/form990/202501199349301740_public.xml,application/xml,28820,3c9d5d5448b9dda47374b58f6111cadf144835b0d6ecb32d1e76332f2b9dae34,2026-08-30T15:50:49Z,well_formed_xml; hash_ein_period_and_arithmetic_verified
SRC-990-RECOVERY-EMPOWER-LEARNING-AFRICA-USA-2023,Teaching at the Right Level Africa,Empower Learning Africa USA,92-2014591,202410939349200436,2023-01-01,2023-12-31,Form 990-EZ,https://apps.irs.gov/pub/epostcard/990/xml/2024/2024_TEOS_XML_04A.zip,,https://apps.irs.gov/pub/epostcard/990/xml/2024/index_2024.csv,https://apps.irs.gov/pub/epostcard/990/xml/2024/2024_TEOS_XML_04A.zip,202410939349200436_public.xml,benchmark/sources/native/form990/202410939349200436_public.xml,application/xml,15216,c1c3f8bf8c53d19af30f31cff8b92ab9c5c33de8c2667bdd11a917714edd99d4,2026-08-30T15:50:49Z,well_formed_xml; hash_ein_period_and_arithmetic_verified
SRC-990-RECOVERY-HEALTHIER-HENS,Healthier Hens,Healthier Hens,88-1680823,202511359349208821,2024-01-01,2024-12-31,Form 990-EZ,https://apps.irs.gov/pub/epostcard/990/xml/2025/2025_TEOS_XML_05A.zip,https://gt990datalake-rawdata.s3.amazonaws.com/EfileData/XmlFiles/202511359349208821_public.xml,https://apps.irs.gov/pub/epostcard/990/xml/2025/index_2025.csv,https://apps.irs.gov/pub/epostcard/990/xml/2025/2025_TEOS_XML_05A.zip,202511359349208821_public.xml,benchmark/sources/native/form990/202511359349208821_public.xml,application/xml,12691,579c133706bd5576e681a1b583ebad6034bc8161e6522baa2b1ea96a40556912,2026-08-29T23:47:00Z,well_formed_xml; hash_ein_period_and_arithmetic_verified
SRC-990-RECOVERY-PROBABLY-GOOD,Probably Good,Probably Good Foundation Inc,99-2361194,202503089349302335,2024-01-01,2024-12-31,Form 990,https://apps.irs.gov/pub/epostcard/990/xml/2025/2025_TEOS_XML_11A.zip,https://gt990datalake-rawdata.s3.amazonaws.com/EfileData/XmlFiles/202503089349302335_public.xml,https://apps.irs.gov/pub/epostcard/990/xml/2025/index_2025.csv,https://apps.irs.gov/pub/epostcard/990/xml/2025/2025_TEOS_XML_11A.zip,202503089349302335_public.xml,benchmark/sources/native/form990/202503089349302335_public.xml,application/xml,41321,6391ebdc50fd2fa0204eef4c5e2f2f706f6ac12c8de7eb56d10bc7e6affff558,2026-08-29T23:47:00Z,well_formed_xml; hash_ein_period_and_arithmetic_verified
